-1.876920000000000021e-03,-1.785558500000000021e-02,-7.341834799999999439e-02,-6.867816699999999830e-02,-9.984755300000000555e-02,-1.135149480000000044e-01,1.285461199999999964e-02,8.075156999999999474e-02,7.188660949999999827e-01,5.557563899999999890e-01,7.189810170000000555e-01,5.615923620000000671e-01,8.897555816999999934e+01,8.173276183999999489e+01,7.536856865000000028e+01,3.053113456000000224e+04,3.325174860000000177e+00,1.396695214999999912e+01
-2.529507999999999757e-03,-2.103015899999999966e-02,-1.563799299999999934e-02,-3.208053200000000188e-02,-2.054950800000000105e-02,-4.174191700000000338e-02,-3.317957399999999640e-02,6.171921999999999825e-03,2.235994460000000073e-01,1.077997080000000080e-01,2.260477750000000063e-01,1.079762459999999979e-01,9.844044073999999966e+01,8.672318742999999586e+01,1.482580319000000202e+02,4.180502887000000192e+04,2.432003981999999898e+00,9.028798680999999604e+00
-2.482176999999999908e-03,-2.093347500000000000e-02,-1.033964990000000028e-01,-9.214739999999999043e-02,-1.403668359999999948e-01,-1.549638819999999972e-01,-7.237250500000000364e-02,7.601290400000000613e-02,1.153872763000000079e+00,1.047716542999999945e+00,1.156140187000000097e+00,1.050470330999999868e+00,9.358896962999999403e+01,8.585040322000000401e+01,3.862405712000000335e+01,1.427913940000000002e+04,5.355096458999999420e+00,3.349966042999999871e+01
-3.344062000000000076e-03,-2.897859900000000072e-02,-1.425309140000000085e-01,-1.278311390000000103e-01,-1.933565329999999971e-01,-2.152981119999999859e-01,8.299987300000000179e-02,1.915866850000000066e-01,1.669291349999999952e+00,1.535142533000000142e+00,1.671353520000000037e+00,1.547051406000000018e+00,8.715350512000000549e+01,8.288623382000000106e+01,5.597558352000000070e+01,2.223519489999999860e+04,4.106536596000000650e+00,2.037172277999999892e+01
-2.003767000000000048e-03,-1.653037899999999782e-02,-6.978834600000000110e-02,-6.468865599999999716e-02,-9.459992500000000137e-02,-1.072111459999999933e-01,-4.986039500000000180e-02,3.357563799999999793e-02,7.570869609999999472e-01,6.066387619999999981e-01,7.587270420000000737e-01,6.075672069999999980e-01,9.376795642000000441e+01,8.683208238000000279e+01,6.541037380000000212e+01,2.643407590999999957e+04,3.671584343999999778e+00,1.663284725999999836e+01
-2.654882999999999809e-03,-2.633833099999999955e-02,-1.177782219999999880e-01,-1.085756340000000042e-01,-1.601078709999999850e-01,-1.813926730000000043e-01,-2.460943110000000100e-01,2.360847419999999863e-01,1.681115794000000108e+00,1.286928301999999968e+00,1.699032878999999996e+00,1.308403782999999931e+00,9.832823181000000545e+01,7.960477233000000297e+01,6.362790851999999830e+01,2.547593478999999934e+04,3.760484231000000399e+00,1.735984232999999932e+01
-2.029007120481840423e-03,-1.900862074591907341e-02,-8.058270642750814394e-02,-7.481009232108203066e-02,-1.095408965941401941e-01,-1.240660114459997271e-01,2.012602183008948761e-02,9.224097831127706093e-02,8.173892374539472039e-01,6.572816808911926545e-01,8.177060154032582684e-01,6.637471829748936569e-01,8.878668020062849564e+01,8.185233324617246353e+01,7.335824976745908543e+01,2.967115946925861499e+04,3.406172511544930614e+00,1.463088455903972651e+01
-2.891234994523605301e-03,-2.554552904392757423e-02,-1.211996207083011201e-01,-1.095738311349201272e-01,-1.644953924978863058e-01,-1.838831805468531533e-01,6.134984288226761479e-02,1.573779081896559129e-01,1.375946723405717442e+00,1.232859254121905224e+00,1.377407883768777097e+00,1.242893752607110436e+00,8.771587387943203851e+01,8.253021970370836868e+01,6.196114414307953666e+01,2.479570064099211959e+04,3.865372690183987103e+00,1.839491814544788184e+01
-2.041793348966834676e-03,-1.869400906126906722e-02,-8.158446280941726581e-02,-7.507123811259011625e-02,-1.108850955413418354e-01,-1.248057295352574259e-01,-1.036144366326083137e-02,7.946074687353425758e-02,8.373628759972689961e-01,6.897674266065100257e-01,8.380641443152758718e-01,6.947638048501190156e-01,9.023226168201584585e+01,8.285441648284596283e+01,6.535928222770075990e+01,2.610405503936333116e+04,3.878130004950396614e+00,1.928770519955716978e+01
-2.045599157749279726e-03,-1.867614018724334662e-02,-5.848344019315343534e-02,-5.921851060512979548e-02,-7.935081165360000077e-02,-9.496325164917385209e-02,9.558217645778323973e-04,6.147442697886299628e-02,5.908509289003657239e-01,4.399697745122467252e-01,5.915689835467617952e-01,4.443429115222414238e-01,9.142201507711970976e+01,8.302267336968128575e+01,9.420883734909817520e+01,3.344517986387503333e+04,3.094310499289682603e+00,1.269055177489717146e+01
-1.926197385336882997e-03,-1.809529934699756828e-02,-6.905531218224530976e-02,-6.591465347797140217e-02,-9.385970106290264514e-02,-1.080953152372415016e-01,9.378537781363211270e-03,7.512000758575840265e-02,6.814681570862169968e-01,5.219308614381117373e-01,6.817592763130843059e-01,5.273394855401934977e-01,8.969025820366631763e+01,8.210959243571041100e+01,8.087250400824873964e+01,3.138243436042716712e+04,3.257730889950155362e+00,1.359406865942925791e+01
-1.879303812692544907e-03,-1.786770731043714824e-02,-7.353641734385364670e-02,-6.877060088429988449e-02,-1.000071387315292909e-01,-1.136781951742774771e-01,1.251894387347918074e-02,8.073290670134086744e-02,7.205793745102246906e-01,5.576939815634973652e-01,7.207027741677956012e-01,5.635178143410846108e-01,8.899372815199819797e+01,8.174897922498685432e+01,7.522384990578625263e+01,3.046712586230367378e+04,3.333169733041645877e+00,1.404388197967176133e+01
-2.312062836714495143e-03,-2.115458391406220204e-02,-9.391659426509074704e-02,-8.622247561918826297e-02,-1.275815847538990799e-01,-1.437030379822489545e-01,3.365914752118244480e-02,1.136243978167193747e-01,1.000754788491016845e+00,8.462346562509071024e-01,1.001447249010469553e+00,8.538718031666454600e-01,8.843515149305851253e+01,8.207487260327164336e+01,6.961676101186392884e+01,2.807062377313364050e+04,3.556920636689102189e+00,1.586655700109408862e+01
-1.934898084443338172e-03,-1.813762469341088923e-02,-6.828494943711489740e-02,-6.542671160631137461e-02,-9.280245142105335299e-02,-1.071383936470662462e-01,8.764782087117230572e-03,7.412566647511378837e-02,6.748649616697959264e-01,5.159584312021771035e-01,6.751871912943412379e-01,5.212916002968931428e-01,8.981644975993076230e+01,8.217612781710226955e+01,8.184431055046108838e+01,3.153274475864056876e+04,3.245822593965358660e+00,1.352823020166529844e+01
-1.961349021904276388e-03,-1.697353145201165037e-02,-7.100222843571731002e-02,-6.602275921261557823e-02,-9.635474592251694337e-02,-1.093191543498685803e-01,-2.888832791761596075e-02,4.935139659280359664e-02,7.443058005721806536e-01,5.896235598986142579e-01,7.454358642989736827e-01,5.921930951316523029e-01,9.216536555072848103e+01,8.512685587114448538e+01,6.874042095145215114e+01,2.780414334614430118e+04,3.555744080497804216e+00,1.574136476233369741e+01
-1.913304423787378890e-03,-1.803258035658086497e-02,-7.019685921549094487e-02,-6.663770063920911035e-02,-9.542636585774388891e-02,-1.095133108623133206e-01,1.028801970573314101e-02,7.659345259859889898e-02,6.912529736355694787e-01,5.307809908871200522e-01,6.914979925254240989e-01,5.363014265225950483e-01,8.950326370323790570e+01,8.201099827638242346e+01,7.943245140684287264e+01,3.115969982370261278e+04,3.275376966474993434e+00,1.369163009604986492e+01
-2.449976069975434712e-03,-2.410406864942785110e-02,-1.060943172415262370e-01,-9.806707835053288247e-02,-1.442359635138033003e-01,-1.635144239742729877e-01,-1.778900019967473156e-01,1.951716864877227620e-01,1.427669766696449960e+00,1.094345631862588153e+00,1.440897957021347153e+00,1.111701837554788685e+00,9.586484005088797744e+01,8.016526145045763485e+01,6.672026975530310722e+01,2.680741901936770591e+04,3.645828512382875530e+00,1.646619223263766330e+01
-2.514204798831303107e-03,-2.268710624292520628e-02,-1.034388829720921110e-01,-9.437253732086445246e-02,-1.404651970373327063e-01,-1.577266624721871124e-01,4.332372033808470219e-02,1.288951947931143427e-01,1.131703821298384982e+00,9.811739031786297360e-01,1.132664572502343869e+00,9.896477708234325821e-01,8.818411009515160970e+01,8.223379729446305930e+01,6.694480692324790994e+01,2.692761408458607912e+04,3.664576197253816225e+00,1.674900253264884142e+01
-1.893437046695985388e-03,-1.768302680482155415e-02,-7.294567688802634786e-02,-6.815868337420555312e-02,-9.916424699576528723e-02,-1.126941150910920481e-01,4.688343194604092587e-03,7.460868075728527282e-02,7.238429240025227029e-01,5.623819035267408895e-01,7.241564405488802869e-01,5.675788548749256535e-01,8.959958763605760623e+01,8.239675638048559847e+01,7.407188863907998666e+01,2.999764690133845579e+04,3.370281654982618669e+00,1.431408463258507524e+01
-2.157570122249909562e-03,-1.998331035915913712e-02,-8.663891567300298358e-02,-7.999356034518777248e-02,-1.177349195047175806e-01,-1.329850861458526934e-01,2.627272427195583016e-02,1.019532591168903907e-01,9.006732847642843209e-01,7.431035184734657850e-01,9.011606965364065136e-01,7.501011778957205056e-01,8.862701698501018654e+01,8.195340991101073769e+01,7.165887753112725989e+01,2.894420127081812825e+04,3.474641828248337116e+00,1.519212303345376824e+01
-2.048037037340110552e-03,-1.972140942099260760e-02,-8.317553467296592840e-02,-7.745382387624581699e-02,-1.131021256279179377e-01,-1.284450092026365731e-01,-4.410256016136548246e-02,1.149179149203648359e-01,9.305179572020494394e-01,7.165814824115207538e-01,9.345485582135265590e-01,7.258574463462709181e-01,9.103272773267296714e+01,8.126469939944429655e+01,7.278614894898240095e+01,2.941921688807369355e+04,3.420923436592854916e+00,1.471323611931724606e+01
-1.878104709320466094e-03,-1.786850282289047936e-02,-7.348590077073909044e-02,-6.873892426097241715e-02,-9.993931952410058106e-02,-1.136183145784356585e-01,1.246027550507316714e-02,8.098811679804304720e-02,7.203314425641141883e-01,5.568698442118448222e-01,7.204734743218156323e-01,5.627296326042438013e-01,8.898980074918767968e+01,8.172952126299780673e+01,7.535068956129727269e+01,3.052343632462847745e+04,3.325837764365773275e+00,1.397211896207147852e+01
-3.028060573295098847e-03,-2.658286069160273324e-02,-1.276450546494827254e-01,-1.150904339108981544e-01,-1.732160346094420156e-01,-1.933754725836797639e-01,6.789158589991858839e-02,1.677143846575643304e-01,1.464583328175003363e+00,1.324196749645007776e+00,1.466226088774857939e+00,1.334797606529159575e+00,8.754594931649360490e+01,8.263779243440534117e+01,6.015255546214802251e+01,2.402202178411740169e+04,3.938242440868037875e+00,1.899222668705354522e+01
-1.995490768000049344e-03,-1.661684310481703619e-02,-7.002518832746762456e-02,-6.494895477413226148e-02,-9.494231060452701376e-02,-1.076224425055046785e-01,-4.576850518147428104e-02,3.665366868299524405e-02,7.545932106215517132e-01,6.033189017322775349e-01,7.561337814264283974e-01,6.045675421803213823e-01,9.345527263754431146e+01,8.649937321201689144e+01,6.606010403311007906e+01,2.670139171490515946e+04,3.648982585530605949e+00,1.645890884271071286e+01
-1.924161846889892386e-03,-1.736203624481015215e-02,-7.206642009714062103e-02,-6.719234654048938937e-02,-9.789316985722869291e-02,-1.111672121536008140e-01,-1.050244617553848687e-02,6.318175631554569238e-02,7.331007580158466208e-01,5.747065995234301727e-01,7.337836976115386101e-01,5.787148527824114153e-01,9.076039931217827927e+01,8.363191057976651166e+01,7.165982097442694965e+01,2.900525994379142503e+04,3.454188741324230261e+00,1.495981606172934875e+01
-2.815101028413062676e-03,-2.496832576645130128e-02,-1.176131827509277750e-01,-1.065042234448765612e-01,-1.596429586405286594e-01,-1.786013769050789901e-01,5.770981558852973647e-02,1.516263743304465672e-01,1.326626586599072954e+00,1.182036258515278604e+00,1.327986698997286386e+00,1.191755617744074902e+00,8.781042513974651342e+01,8.247036292322306394e+01,6.296749858775474706e+01,2.522619938544190518e+04,3.824825716592679115e+00,1.806255727643164732e+01
-2.459714395573204399e-03,-2.069064162919393227e-02,-2.181754156741130130e-02,-3.599461080645405958e-02,-2.903035101971261633e-02,-4.941796763857460306e-02,-2.825626592845482607e-02,1.414813739286906701e-02,2.765676963908905717e-01,1.557082068750141879e-01,2.787664699514330602e-01,1.564900154253086595e-01,9.742818144311337392e+01,8.618946662981700513e+01,1.404625799993338546e+02,4.059929765854401921e+04,2.527527673739145442e+00,9.556929032483926889e+00
-2.611801020880651775e-03,-2.451431061901568689e-02,-8.268029009153790576e-02,-8.229000778188312604e-02,-1.121521343643357427e-01,-1.334051878235838207e-01,-1.729314934236451107e-01,1.570809588653205024e-01,1.180276800016793581e+00,8.817502883151800974e-01,1.192878434384735398e+00,8.959069209196451888e-01,9.836678959886751272e+01,8.205083742033740180e+01,9.270893111880371862e+01,3.108701905873324722e+04,3.303985261126545669e+00,1.449708780534519903e+01
-1.935150597839861014e-03,-1.813885306791862551e-02,-6.826259181838248424e-02,-6.541255046157909425e-02,-9.277176771451789428e-02,-1.071106216809305789e-01,8.746969548941503636e-03,7.409680851231342791e-02,6.746733224368902659e-01,5.157850981600941020e-01,6.749964549535006908e-01,5.211160773847822725e-01,8.982011211603514766e+01,8.217805881999508699e+01,8.187251451059518104e+01,3.153710709650804347e+04,3.245476989062910267e+00,1.352631942502673290e+01
-2.499598448004453858e-03,-2.096906214751141292e-02,-7.109461969832540917e-02,-7.003817311587756667e-02,-9.626484470920529390e-02,-1.132894915115335577e-01,-5.794649224813226696e-02,5.030605148277018934e-02,8.114606394013773594e-01,7.017548631397936276e-01,8.137946503539295051e-01,7.035600249356255276e-01,9.537468410229035953e+01,8.617165493100597473e+01,7.897779127206496241e+01,2.441078361157278778e+04,4.279173626178677026e+00,2.449250136755922114e+01
-2.482774866662082035e-03,-2.093469627443655945e-02,-1.022879679093504079e-01,-9.138865883938879220e-02,-1.388533504207609959e-01,-1.535337064641158766e-01,-7.187743523950085311e-02,7.513070005787161887e-02,1.142121914658345005e+00,1.035843881514371789e+00,1.144391623779481337e+00,1.038565114701356151e+00,9.365025151372786638e+01,8.586142788844881579e+01,4.000891056811046553e+01,1.462683565949738841e+04,5.318173099210825150e+00,3.319055408464181767e+01
-2.511590665102535723e-03,-2.099355889420831053e-02,-4.885931818018021677e-02,-5.481907946778576124e-02,-6.590682545146520077e-02,-8.460253403014844631e-02,-4.801621109493146855e-02,3.261049849451226612e-02,5.757580432589584074e-01,4.636088966598524985e-01,5.781378899646982816e-01,4.647610627125978167e-01,9.660389740427412164e+01,8.639279155871503235e+01,1.067556625802436088e+02,3.138499591095477081e+04,3.538552055074027258e+00,1.829233896509237667e+01
-2.036440306284973117e-03,-1.681002751543820076e-02,-6.642305573538602459e-02,-6.266215393371568632e-02,-8.999790241631150378e-02,-1.031424198185569574e-01,-4.882372946769833466e-02,3.187257507317021316e-02,7.239322308632897274e-01,5.756373350649726106e-01,7.256225421752841021e-01,5.765190511857167799e-01,9.405833801721060183e+01,8.682531486889807582e+01,7.055911987096276050e+01,2.738933687301029204e+04,3.594547953776555449e+00,1.616027729070431462e+01
-2.161935939831312846e-03,-1.788413575869704855e-02,-5.349723702143191484e-02,-5.487851678132009414e-02,-7.232189085208945434e-02,-8.751475834428462663e-02,-4.484197761751337191e-02,2.533124255213043893e-02,5.965874856674850957e-01,4.565632603411316492e-01,5.984707277092924382e-01,4.572654944634528262e-01,9.517367119452364932e+01,8.679932138400675967e+01,9.033505391660511918e+01,3.105842009065203820e+04,3.298657158002987533e+00,1.434517271651521853e+01
-2.670928184811724448e-03,-2.241014099476634075e-02,-3.766872434392508351e-02,-4.870443727549407520e-02,-5.055169497871999512e-02,-7.187417240862814527e-02,-1.300888075429259758e-02,3.836302295866214629e-02,4.745957166517846826e-01,3.556102719419718117e-01,4.769770019970401842e-01,3.578237393339740446e-01,9.648084012255974073e+01,8.605702817150981332e+01,1.322362569105235366e+02,3.840737869975694775e+04,2.722730823615338025e+00,1.099811983390814696e+01
-2.644531645607084164e-03,-2.590007162173038613e-02,-1.093452033906075621e-01,-1.022599577477627808e-01,-1.485854935411111688e-01,-1.698626672843899232e-01,-2.285154005460701132e-01,2.171024163426148734e-01,1.560778659390896328e+00,1.189575736087222113e+00,1.577418595235374532e+00,1.209292709352924877e+00,9.833749613223713482e+01,8.019249107309856583e+01,7.061523772775727537e+01,2.682411616377741302e+04,3.650800722633994244e+00,1.667200515932283622e+01
-2.351232039654075137e-03,-2.016291928897374214e-02,-3.142260484813916288e-02,-4.207838443678189183e-02,-4.221238737554680598e-02,-6.134909032905724868e-02,-2.060381606713437147e-02,2.654581543576806438e-02,3.588978846439574433e-01,2.301738670052589364e-01,3.607087664739161981e-01,2.318964662741826444e-01,9.585479554007577008e+01,8.535988789860786596e+01,1.283458682377924447e+02,3.872519238058599876e+04,2.676003099404032248e+00,1.037781835654036122e+01
-2.927295072802421107e-03,-2.491177603330371748e-02,-7.760609284843102140e-02,-7.884029707092841954e-02,-1.049397395063762783e-01,-1.264980053327270926e-01,2.355660572772097505e-02,9.671913658383933521e-02,9.296024251349854772e-01,8.048419228099311651e-01,9.318621735642111936e-01,8.107479412333128410e-01,9.292847089983079911e+01,8.484941289203126757e+01,1.031919405025963670e+02,3.224810941449958773e+04,3.249761217045493478e+00,1.456811046924393516e+01
-2.500326064079964623e-03,-2.097054846372371772e-02,-6.974551446648163955e-02,-6.911476945311159636e-02,-9.442290150121196435e-02,-1.115489383469077667e-01,-5.734398212491536445e-02,4.923239106501756113e-02,7.971596142789880712e-01,6.873055889053789613e-01,7.994964062711578112e-01,6.890711308214151343e-01,9.544926542044360929e+01,8.618507218020094740e+01,8.066318651983188204e+01,2.483393714036155507e+04,4.234237134736082986e+00,2.411631256127642331e+01
-2.461230053649724001e-03,-2.069801468650208157e-02,-2.168334470550159834e-02,-3.590961154034853081e-02,-2.884617858265205864e-02,-4.925127230536061052e-02,-2.836318190883894627e-02,1.397492359513573257e-02,2.754174225633183037e-01,1.546678120730805017e-01,2.776216155418785303e-01,1.554364763932471749e-01,9.745016395843778412e+01,8.620105706490124930e+01,1.406318682848494461e+02,4.062548166585763829e+04,2.525453253653344277e+00,9.545460001198669886e+00
-2.866011408361037165e-03,-2.431376837537990374e-02,-6.805919578506745837e-02,-7.163641854421706756e-02,-9.193845569558675712e-02,-1.134403570784635468e-01,1.481574601193350049e-02,8.276929885893621885e-02,8.208345625618945762e-01,6.974545688344832017e-01,8.231233639926121004e-01,7.024778950345698103e-01,9.377765312115386109e+01,8.513808936714819708e+01,1.101348891595905570e+02,3.372046255277044111e+04,3.123776328612645869e+00,1.371471590698384801e+01
-2.490013939503986883e-03,-2.094948367632214550e-02,-8.886568193544855387e-02,-8.220168977393302323e-02,-1.205278055323282249e-01,-1.362168939746563612e-01,-6.588304504286961183e-02,6.444882230231670228e-02,9.998406126650744019e-01,8.920876449274053321e-01,1.002137990427745207e+00,8.944146988136816301e-01,9.439226314998501266e+01,8.599491647883259304e+01,5.677695538820692889e+01,1.883680204329560365e+04,4.871098679388145669e+00,2.944784104867816410e+01
-2.407560838846346113e-03,-1.998642188074167825e-02,-2.819832560449202566e-02,-3.964408164202207208e-02,-3.772571859684192841e-02,-5.692769596619907946e-02,-3.704873917194255462e-02,1.252829399925621534e-02,3.473434339430505058e-01,2.235068841720585509e-01,3.496042874577676152e-01,2.238578291977642853e-01,9.735664434907944553e+01,8.674844593184114672e+01,1.290412755246678387e+02,3.823969141734108416e+04,2.719528268992489561e+00,1.079257996776197004e+01
-2.552616733286734458e-03,-2.125565464547668482e-02,-1.923791966829175096e-02,-3.479695747849003568e-02,-2.545200857184560725e-02,-4.666567137419194711e-02,-2.988358643610202273e-02,1.143210156524694134e-02,2.646134347893595029e-01,1.482931371055715153e-01,2.670508085361322226e-01,1.488025190917843521e-01,9.812023264469002015e+01,8.661433382716082008e+01,1.456399973845961426e+02,4.124983661303678673e+04,2.479510135744091848e+00,9.350595158207733348e+00
-3.091752461824765624e-03,-2.651655569088414224e-02,-1.032256079119856229e-01,-9.817221960095667832e-02,-1.398292522166680873e-01,-1.615387744878143128e-01,4.701308437944925339e-02,1.341541351341832555e-01,1.221485732886935738e+00,1.093020575470500466e+00,1.223667516318276194e+00,1.101295337011263697e+00,9.064965333570553696e+01,8.407473696815088715e+01,8.456023466950966849e+01,2.829698548863710676e+04,3.587847165345055878e+00,1.685823203417415428e+01
-2.554812299667263715e-03,-2.127707904170044600e-02,-1.957994957824826798e-02,-3.505504572511879136e-02,-2.591779634577984909e-02,-4.713347847706608057e-02,-2.957043385451547587e-02,1.193187250750067652e-02,2.685101838582061307e-01,1.521404276720155768e-01,2.709465167437002941e-01,1.526814332464633273e-01,9.808980959552880563e+01,8.660399161983046668e+01,1.453912572873453257e+02,4.119708766141778324e+04,2.484023706987247948e+00,9.381169119920102162e+00
-2.294809959458092054e-03,-1.920902303047195350e-02,-9.023402295290725017e-02,-8.139331124709375809e-02,-1.224424392089318858e-01,-1.362617461288873066e-01,-6.355574233397318085e-02,5.939254711132767317e-02,9.984734581155130240e-01,8.749704915488142332e-01,1.000495186161593386e+00,8.770093924940203234e-01,9.365906896976797213e+01,8.623487327491287147e+01,4.911479285577046028e+01,1.903956347527745311e+04,4.695756807437535763e+00,2.689385188286223638e+01
-1.955265710634294333e-03,-1.825399341048379240e-02,-7.729878150774494028e-02,-7.171607277792049762e-02,-1.050924523089333679e-01,-1.188801832459599195e-01,1.822638728022740739e-03,8.013818732912041110e-02,7.751742525844913523e-01,6.194367237929856440e-01,7.755677988694344993e-01,6.248737315583123841e-01,8.957272763566845697e+01,8.226575780709046626e+01,7.061228352198352809e+01,2.842744288846987183e+04,3.587932085782697289e+00,1.649530607371994506e+01
-2.503492590600880224e-03,-2.160054908979833557e-02,-1.051715092463334361e-01,-9.417499319444291861e-02,-1.428032992386694400e-01,-1.582257564515663906e-01,-9.381346764832454443e-02,9.576917051962538507e-02,1.218945757545430997e+00,1.077240357585251385e+00,1.223144682286103402e+00,1.082304800358932395e+00,9.417389529777710777e+01,8.507955964134349358e+01,4.171006374332313982e+01,1.566106189588933194e+04,5.158287422723289772e+00,3.150766388678623287e+01
-2.516215828919218019e-03,-2.100300681076304465e-02,-4.028359684411501884e-02,-4.894937241627542179e-02,-5.419833059445471057e-02,-7.353853504910688732e-02,-4.418629568365918525e-02,2.578566946347627536e-02,4.848521573614813507e-01,3.717606505646378068e-01,4.872496820216328794e-01,3.726609689182737162e-01,9.707798095703344643e+01,8.647807963519480268e+01,1.174690447870747363e+02,3.407481332446055603e+04,3.252908786234644190e+00,1.590105747252912138e+01
-2.008482174775991225e-03,-1.657377559955992841e-02,-7.011958555455205522e-02,-6.495928741884407498e-02,-9.505100040461578192e-02,-1.076817935539218646e-01,-5.008227274759377567e-02,3.399389666141013761e-02,7.609976535128274433e-01,6.109859930930401362e-01,7.626439175606097853e-01,6.119324285432212740e-01,9.376619233898696848e+01,8.682240702034333424e+01,6.514636977677463392e+01,2.631427772426867159e+04,3.688176919112818197e+00,1.679908536541280029e+01
-2.283660229855721119e-03,-1.992396535094286339e-02,-9.356403822479626708e-02,-8.444978339594001737e-02,-1.270770149988021680e-01,-1.413691470302212150e-01,-4.441907035067158005e-02,7.756712752672090261e-02,1.011195984833725747e+00,8.863597299218441972e-01,1.012757414942256240e+00,8.901244359495090741e-01,9.207582803496548252e+01,8.449986804672644780e+01,5.067580001510872734e+01,1.960959173275064313e+04,4.689307414875618640e+00,2.709317498676511349e+01
-2.558960816096192241e-03,-2.333643418572835249e-02,-1.097905071640381675e-01,-9.945127188772370785e-02,-1.491435548226725805e-01,-1.667139279033774124e-01,-1.496079409651799863e-01,1.471796646867825631e-01,1.388281132890466951e+00,1.154068329915930224e+00,1.397506280954435409e+00,1.165145644790047896e+00,9.569601070362082851e+01,8.307364170816801163e+01,4.974058536797122088e+01,1.925715219684812473e+04,4.646143602356390012e+00,2.632401612802789614e+01
-2.611956466649522322e-03,-2.499493973774779415e-02,-1.142036066884483808e-01,-1.044923529634960435e-01,-1.552011845079241670e-01,-1.748237270555955958e-01,-2.029152963799855103e-01,1.962984630497650596e-01,1.550068143344965232e+00,1.227471586248723545e+00,1.564095463688032650e+00,1.244293740908342105e+00,9.715027565314136382e+01,8.115714041619480668e+01,5.741313508414664568e+01,2.269294166453064463e+04,4.156829320263382144e+00,2.137143683129291460e+01
-1.940251109378310270e-03,-1.817764023974841742e-02,-7.655511396873806995e-02,-7.113387186941588780e-02,-1.040872910676369084e-01,-1.178519601663497729e-01,3.936866532000371510e-03,8.025573934500009055e-02,7.643830487426288567e-01,6.072326757090678040e-01,7.647231979429736093e-01,6.127461431663231428e-01,8.945828280727046433e+01,8.216361153957792851e+01,7.152380406444541450e+01,2.883060588690124860e+04,3.537575851340312827e+00,1.601075847447919998e+01
-2.522883853070243421e-03,-2.101662771982935884e-02,-2.792011757120906046e-02,-4.048711033644491336e-02,-3.731838221357668128e-02,-5.758774598809913992e-02,-3.866476834518177419e-02,1.594642341527670315e-02,3.537946063946614261e-01,2.393445140846267583e-01,3.562176170768500683e-01,2.398817476683817729e-01,9.776145957632064665e+01,8.660103808084170396e+01,1.329143552940565201e+02,3.795267974951848737e+04,2.841101488009024401e+00,1.245358547449956532e+01
-2.906507689270966272e-03,-2.489432013849341221e-02,-1.226634931943136886e-01,-1.097155274945442460e-01,-1.664551826498078813e-01,-1.846681527583181048e-01,4.121770048769998751e-03,1.329131890187457976e-01,1.407628106560657955e+00,1.287690328720001220e+00,1.409794478133366891e+00,1.294951427473041594e+00,9.042060599528406328e+01,8.439105766390156305e+01,4.716671090468748417e+01,1.819613356301834210e+04,4.740394651609393328e+00,2.703640044551161381e+01
-2.034995292084997194e-03,-1.865943916567754449e-02,-8.124775761524304085e-02,-7.480763904490961291e-02,-1.104299956570856112e-01,-1.243401881024057271e-01,-9.404199402986243572e-03,7.951397008452071313e-02,8.324770174726381367e-01,6.842418843927207117e-01,8.331541095629692029e-01,6.892728807607830799e-01,9.018044529075659455e+01,8.280816842570618519e+01,6.577198506215995621e+01,2.628659235415857620e+04,3.855330561911039400e+00,1.906831994346962489e+01
-2.017817074086158523e-03,-1.857208343844688608e-02,-8.039692695474658091e-02,-7.414154249296632526e-02,-1.092799898305844147e-01,-1.231637972071802645e-01,-6.985309583887031049e-03,7.964846144533385686e-02,8.201307920281533104e-01,6.702792226556799626e-01,8.207467924688234273e-01,6.753976966219602529e-01,9.004950886576982327e+01,8.269130279463264799e+01,6.681485648590752646e+01,2.674785148172678601e+04,3.797717951485759968e+00,1.851394862526667850e+01
-2.890447330757520746e-03,-2.474440735926517962e-02,-1.219342628038161541e-01,-1.090505969743005565e-01,-1.654677730402441260e-01,-1.835438851768743107e-01,1.226562342676262851e-03,1.307595880654696119e-01,1.398023800543366058e+00,1.278607636541611692e+00,1.400193996817544972e+00,1.285698139510619287e+00,9.054052439185804246e+01,8.444629197388326247e+01,4.684338269414951128e+01,1.804788048553947738e+04,4.763660306569484248e+00,2.728102633550988898e+01
-2.488452679488231678e-03,-2.094629445861359920e-02,-9.176048336496038516e-02,-8.418305503729220374e-02,-1.244800990270999441e-01,-1.399516328743151405e-01,-6.717586277481184254e-02,6.675259641775241337e-02,1.030526601415706844e+00,9.230917346914246924e-01,1.032818011847386197e+00,9.255038017271296491e-01,9.423223255985095648e+01,8.596612682534004080e+01,5.316056990739430432e+01,1.792883325692701328e+04,4.967519786203875576e+00,3.025503671324874944e+01
-3.103154789629521820e-03,-2.672989020483059613e-02,-1.315923749290907885e-01,-1.178571053202419894e-01,-1.785452761819246170e-01,-1.984339699866794204e-01,3.957142703260593808e-02,1.592824249505983558e-01,1.525225663780535035e+00,1.398901113886117820e+00,1.527345204739024354e+00,1.408251030658715264e+00,8.895229475265669805e+01,8.371475477258594822e+01,5.112562346651989742e+01,2.001138182046189468e+04,4.455524075276094287e+00,2.404113904455857664e+01
-2.583842494123815472e-03,-2.411510943023444098e-02,-1.118624757185091578e-01,-1.018180803885890828e-01,-1.519876371174512519e-01,-1.705215122856302001e-01,-1.746359657197875670e-01,1.702411445103317600e-01,1.464240806206102974e+00,1.188531463610529304e+00,1.475720594098701932e+00,1.202306004622465174e+00,9.637879413703514331e+01,8.217383639228808079e+01,5.334287932408936683e+01,2.087026962088178698e+04,4.416408514773983107e+00,2.399875957997161180e+01
-2.844881396130476137e-03,-2.431907962499614204e-02,-1.198653137032312244e-01,-1.071640774055384604e-01,-1.626663261309593544e-01,-1.803541492144743741e-01,-6.987628203390175430e-03,1.246494604386442495e-01,1.370774771217173171e+00,1.252838513287508837e+00,1.372955818811825157e+00,1.259445007363665159e+00,9.088075302463076355e+01,8.460300098854750672e+01,4.592604625411187413e+01,1.762726160389965298e+04,4.829668877429181606e+00,2.797507107320438280e+01
-2.232782415393623574e-03,-1.863814610239752922e-02,-8.587660736558069829e-02,-7.783318822831289396e-02,-1.165085977575677778e-01,-1.300704354613867741e-01,-6.063696786226657059e-02,5.389040587934972731e-02,9.470287792465293952e-01,8.177832013650064846e-01,9.489691700597425728e-01,8.195854401514675036e-01,9.368227523845735050e+01,8.636215144082510164e+01,5.258773330056364159e+01,2.061549386965642043e+04,4.477483523233131812e+00,2.470701005863337230e+01
-1.944814119503502367e-03,-1.820084433855971226e-02,-7.678111813977209210e-02,-7.131080554851333686e-02,-1.043927644427395940e-01,-1.181644421459392968e-01,3.294342450805232136e-03,8.022001471738256229e-02,7.676625479150631648e-01,6.109415450973276762e-01,7.680189247483315551e-01,6.164317760834645554e-01,8.949306314554603148e+01,8.219465428556657116e+01,7.124678855176793491e+01,2.870808269680241574e+04,3.552879355157010366e+00,1.615801483938544791e+01
-2.721076653006223103e-03,-2.659192111785825541e-02,-1.201556465953778630e-01,-1.104250696566720646e-01,-1.633013089825113562e-01,-1.846491925169755355e-01,-2.144857648573255671e-01,2.318108321093777513e-01,1.679980090295842610e+00,1.310768562190778530e+00,1.696374356489765756e+00,1.331325198115118180e+00,9.725493157746645068e+01,7.991994723118293109e+01,6.289292479916571921e+01,2.516467108091703631e+04,3.793721561462468195e+00,1.764912475068247488e+01
-3.132403359170348161e-03,-2.816772760620241817e-02,-1.349289395556321491e-01,-1.219174445653341682e-01,-1.831453010728453790e-01,-2.048851726395832240e-01,-1.807057123928088038e-02,2.052527982509556592e-01,1.672922838692496805e+00,1.458911703610193955e+00,1.679854323862241872e+00,1.473758645307339465e+00,9.058545453060050079e+01,8.187844095499940522e+01,5.832574321535746975e+01,2.323048146618938699e+04,4.000258004760588904e+00,1.944672285633952669e+01
-2.979979881619806027e-03,-2.758378812135825822e-02,-1.294544671857870144e-01,-1.176587671620879100e-01,-1.757918026552462154e-01,-1.973864169893707610e-01,-9.085526138064906054e-02,2.150942887667465497e-01,1.675538012507400865e+00,1.404014969573675664e+00,1.685976077652113547e+00,1.420977726842280520e+00,9.305693248156339337e+01,8.115269079175591571e+01,6.001818304281441385e+01,2.394722536562706591e+04,3.923722728891925193e+00,1.878059505477347457e+01
-2.483907627484675373e-03,-2.245741077987599421e-02,-1.020116760253159116e-01,-9.315100066773457366e-02,-1.385341926836243243e-01,-1.556247923328891170e-01,4.187518775455090214e-02,1.266063976143966541e-01,1.112077093413219364e+00,9.609491193547161636e-01,1.112997633031448830e+00,9.692975787417170697e-01,8.822173634636553174e+01,8.220997755634527948e+01,6.734528117414265580e+01,2.709892913477229740e+04,3.648440710437072632e+00,1.661674101112402724e+01
-3.192548332346839199e-03,-2.839814502756718428e-02,-1.370891185459756356e-01,-1.235978814790021640e-01,-1.860469273327056139e-01,-2.078441161349482147e-01,1.064963188533434024e-02,2.013694320359796230e-01,1.671890913942603252e+00,1.480573475465573052e+00,1.677438733276055416e+00,1.494585534814953931e+00,8.961023091376848981e+01,8.216481563167373281e+01,5.765792123897282551e+01,2.294766058256403630e+04,4.030458156260541713e+00,1.970957106975875206e+01
-3.035578442298533883e-03,-2.596840808647353158e-02,-9.447470199046956174e-02,-9.156897848094922021e-02,-1.279119757726017437e-01,-1.495698330955573807e-01,3.900101087133953787e-02,1.213673923065577975e-01,1.121786602756568385e+00,9.945868513439516390e-01,1.123995016838800431e+00,1.002052516845191033e+00,9.142803333495567131e+01,8.433934447975771320e+01,9.092430145602915559e+01,2.964657831557785175e+04,3.472366512428063601e+00,1.607599090611905979e+01
-3.060896772484977477e-03,-2.633543968309975253e-02,-1.296736238427953769e-01,-1.161075400598610280e-01,-1.759472039051009074e-01,-1.954757969987020172e-01,3.195355618752490634e-02,1.536158698777546905e-01,1.499954812697080753e+00,1.375002733194822913e+00,1.502084417210511891e+00,1.383903778321099010e+00,8.926782405134119358e+01,8.386008729528275296e+01,5.027488224223218083e+01,1.962129830616248364e+04,4.516740669249355022e+00,2.468479871410406190e+01
-2.542354561715429954e-03,-2.149519256791020475e-02,-1.061288979556144346e-01,-9.463886975050010697e-02,-1.440666228178462682e-01,-1.591764705116668066e-01,-6.152427018216688470e-02,8.408236609623451208e-02,1.189859737861463262e+00,1.081749050347186047e+00,1.192112830848332417e+00,1.085142054359296004e+00,9.313963989028067658e+01,8.564344232962194781e+01,3.983555581274080737e+01,1.483463812762913221e+04,5.267920921415413460e+00,3.258305638406673665e+01
-2.866305789071296132e-03,-2.454135613928134368e-02,-1.166013882904333721e-01,-1.053236213067234445e-01,-1.581541463297137240e-01,-1.767698631242378138e-01,3.564103168323604076e-02,1.352626972961009644e-01,1.344130611146856724e+00,1.204171781437117783e+00,1.346042324985105232e+00,1.212166614859520708e+00,8.951126605357093524e+01,8.429275526261082518e+01,5.933867123955410250e+01,2.373191128070580453e+04,3.951495250736138942e+00,1.903897812186929883e+01
-3.313601149186468087e-03,-2.868136119251233490e-02,-1.377856591293906974e-01,-1.242504740531307772e-01,-1.868942861654681320e-01,-2.088078493978161587e-01,7.865525643355304741e-02,1.846529624544482329e-01,1.615228629284031658e+00,1.481765989698892838e+00,1.617305239986169596e+00,1.493236123332160270e+00,8.757558844665823017e+01,8.302971954530815424e+01,5.942655410366988633e+01,2.296702335214161212e+04,4.043916207250515704e+00,1.994754572265468440e+01
-2.665635347169671449e-03,-2.264593681545688103e-02,-1.117265373384697530e-01,-9.974293742990530953e-02,-1.516460695736689956e-01,-1.678064516160796549e-01,-3.930039020080820789e-02,1.006136046020635888e-01,1.263583272025621262e+00,1.151468628826926688e+00,1.265807006253099498e+00,1.156171141729086305e+00,9.221913527591136983e+01,8.521945869856742206e+01,4.231745282153201515e+01,1.597264235227341487e+04,5.089331619365511372e+00,3.070528560851511202e+01
-3.051711693569630034e-03,-2.676216967596095272e-02,-1.287591864860380408e-01,-1.160440117209315114e-01,-1.747234497967440348e-01,-1.950162720793565674e-01,6.902236533680973507e-02,1.695011064851082438e-01,1.479904695853085261e+00,1.339984982456352558e+00,1.481578847140857302e+00,1.350683737779759808e+00,8.751657683868837978e+01,8.265638702479418498e+01,5.983993008315142959e+01,2.388828676277051636e+04,3.950838413443324981e+00,1.909547504372311977e+01
-3.032738452239687639e-03,-2.661832563841153715e-02,-1.278654151989713772e-01,-1.152790389963150031e-01,-1.735141814068698884e-01,-1.937000010340882428e-01,6.811523912468794850e-02,1.680677746162592134e-01,1.467613692167561323e+00,1.327319453389404380e+00,1.469262661430530414e+00,1.337939673290715170e+00,8.754013982866044330e+01,8.264147019858113197e+01,6.009072229479792782e+01,2.399557076474702262e+04,3.940733757736440079e+00,1.901264784715597145e+01
-3.235844580765528857e-03,-2.792261049127002168e-02,-1.256725787272696404e-01,-1.151102100257710842e-01,-1.703982880327090665e-01,-1.922403361925586196e-01,6.756487431062152549e-02,1.669534413601295175e-01,1.477224222640673768e+00,1.345513169097374728e+00,1.479337695722353185e+00,1.355863344926537151e+00,8.865302883955945390e+01,8.339599157380955319e+01,6.823575092979957901e+01,2.483514152978817947e+04,3.884066878938845058e+00,1.886476072154068717e+01
-2.727726401474255512e-03,-2.296437953174378793e-02,-4.651686899719476020e-02,-5.538105260358142101e-02,-6.260139438079451168e-02,-8.397611085191672431e-02,-4.907778307506938109e-03,5.129185012212317263e-02,5.754026883082481447e-01,4.551377765961248656e-01,5.777570470868818031e-01,4.581693305794243276e-01,9.569381088349049946e+01,8.578948038159673217e+01,1.258014735846346781e+02,3.704278940318751120e+04,2.839494679932348831e+00,1.178905310605664347e+01
-2.707810964210164567e-03,-2.306930823286310397e-02,-1.079993114527902226e-01,-9.785678991185740860e-02,-1.464758133591069489e-01,-1.639881809229753462e-01,1.992981519159578441e-02,1.165773084672319382e-01,1.236259079228801072e+00,1.094372787508508971e+00,1.238120879486732884e+00,1.101069144839633251e+00,9.029344930453133600e+01,8.475936640153602752e+01,6.045436997231823995e+01,2.422844443966908148e+04,3.900060543448792050e+00,1.859684230794775672e+01
-2.774803103260334910e-03,-2.366494530794850670e-02,-1.166833660006123818e-01,-1.042626978568240992e-01,-1.583578307917133388e-01,-1.754484833309348513e-01,-1.962067206587100876e-02,1.152523677023423315e-01,1.328867028663931915e+00,1.213206797594883257e+00,1.331064765085892443e+00,1.219068908455319455e+00,9.140400887278589437e+01,8.484401218067860384e+01,4.451522538032571674e+01,1.698036928367120345e+04,4.931186996140166201e+00,2.904247967112365814e+01
-2.408097194729245851e-03,-2.028566512479527961e-02,-9.173278113147881330e-02,-8.373700912157255871e-02,-1.243920816098804949e-01,-1.398180153910469903e-01,-9.780100712384387496e-03,8.124323162892645167e-02,1.032273974483779666e+00,8.867428514245437876e-01,1.034041388143800866e+00,8.909837900109933706e-01,9.177255810682558490e+01,8.564172822913253924e+01,6.256415666784477025e+01,2.516738881766716804e+04,3.802797493902882575e+00,1.776076332852969486e+01
-3.068342658560165546e-03,-2.688825594192787230e-02,-1.295426203087710060e-01,-1.167145473653463938e-01,-1.757834321111217124e-01,-1.961700474038377273e-01,6.981750539819642221e-02,1.707574912912735721e-01,1.490678355895552754e+00,1.351086932135693974e+00,1.492374580447750176e+00,1.361854527560415473e+00,8.749592273670953091e+01,8.266946234546317385e+01,5.962009856257672880e+01,2.379424713876066744e+04,3.959695633587223984e+00,1.916807709323157738e+01
-2.767292520465228830e-03,-2.362175340217688435e-02,-1.112275866837131311e-01,-1.006590186410915994e-01,-1.508585774030758719e-01,-1.687850211324577465e-01,2.582608094287062311e-02,1.235897519823178636e-01,1.276742209196770839e+00,1.135579275100998320e+00,1.278622741532788432e+00,1.142762937798319500e+00,8.999990358728450701e+01,8.458425180878174388e+01,6.003565915955347521e+01,2.404210040570294950e+04,3.919363485596308205e+00,1.876277155081858794e+01
-2.210335422273453088e-03,-1.843155287562666181e-02,-8.429971311342743245e-02,-7.654482419399812054e-02,-1.143612146837431065e-01,-1.278298774954970130e-01,-5.958069985304743910e-02,5.189924972053019947e-02,9.284115928004362805e-01,7.970878356419507371e-01,9.303225486854393989e-01,7.988044293504180660e-01,9.369067329711776893e+01,8.640821181864065181e+01,5.384454705075839342e+01,2.118580338704961832e+04,4.398493149154143467e+00,2.391561932853535311e+01
-3.121138728786746093e-03,-2.690816083289331376e-02,-1.304320766432892909e-01,-1.173290265076850358e-01,-1.769309355686247698e-01,-1.973206517869604826e-01,6.090201726165161977e-02,1.653056502389427251e-01,1.517569836145984397e+00,1.380710040179268683e+00,1.519561802600777334e+00,1.390792604098744167e+00,8.825364734322457139e+01,8.354252327023841929e+01,5.754481589975864608e+01,2.293356972806726117e+04,4.034193582829458613e+00,1.974985792071338153e+01
-1.971610427657335268e-03,-1.686632768312166034e-02,-7.070857605602826057e-02,-6.570002401882076015e-02,-9.593023418673199409e-02,-1.088092024384402778e-01,-3.396171659557401662e-02,4.553505580405236425e-02,7.473977129883930814e-01,5.937397365899833579e-01,7.486511558675266187e-01,5.959122728731756080e-01,9.255305105352712758e+01,8.553937013735377093e+01,6.793484353989433089e+01,2.747270798542050761e+04,3.583767197103099100e+00,1.595702482066228356e+01
-2.511024882209195608e-03,-2.087196330331150818e-02,-1.754172003082435372e-02,-3.322691357729594397e-02,-2.315284800937564280e-02,-4.404357403508026014e-02,-3.376601024786789890e-02,7.135335754555462845e-03,2.423549027356709518e-01,1.253370524219402649e-01,2.447748167119460083e-01,1.255400247035518002e-01,9.827617339531460061e+01,8.672701577549268848e+01,1.453454132848367237e+02,4.126464275950721640e+04,2.475583063414638740e+00,9.296129031063346204e+00
-2.026123730226807741e-03,-1.686714500934622871e-02,-7.143612721156591960e-02,-6.619556003494285468e-02,-9.684920696578534771e-02,-1.097582441928744712e-01,-5.659828613055441215e-02,4.052899409415306603e-02,7.888144309764297812e-01,6.299971954003452668e-01,7.910133994670285329e-01,6.316311437834789544e-01,9.392453811458926793e+01,8.658392533724057216e+01,6.534917104134622434e+01,2.640117715994770333e+04,3.674636812056156554e+00,1.665780937528545991e+01
-2.168421007754149556e-03,-1.804578921911386205e-02,-8.135523859142709813e-02,-7.413911114829371818e-02,-1.103514881334576314e-01,-1.236461690213119385e-01,-5.760837086693895021e-02,4.818123973288371970e-02,8.936484302820892900e-01,7.584441681849815042e-01,8.955044234477768095e-01,7.600008401043100159e-01,9.370635467189994472e+01,8.649421860620195446e+01,5.619134745369908757e+01,2.225072060729158329e+04,4.250997434941690578e+00,2.243788558796339316e+01
-2.010338809909026532e-03,-1.658662665577049708e-02,-6.911146170445775505e-02,-6.428105150954184499e-02,-9.367428810995692690e-02,-1.063927747337709562e-01,-4.965188323329644549e-02,3.323308907885261926e-02,7.504183189549267219e-01,6.004032288418735819e-01,7.520685031278111499e-01,6.013222749365698672e-01,9.382636289534423213e+01,8.683072118330532874e+01,6.644597699708984351e+01,2.662621420808538096e+04,3.656089477695058765e+00,1.653779596706262112e+01
-1.976526053248169480e-03,-1.681497277108805546e-02,-7.056790476915526800e-02,-6.554542089563680785e-02,-9.572687601122940870e-02,-1.085649149863858326e-01,-3.639207358737146097e-02,4.370687525101885074e-02,7.488788632482608065e-01,5.957115505857857318e-01,7.501914096979200863e-01,5.976939084232211208e-01,9.273876798399587074e+01,8.573698104295098688e+01,6.754893959700903849e+01,2.731393713276267954e+04,3.597191395739708586e+00,1.606033465239023172e+01
-3.150164621963469011e-03,-2.717774380079243310e-02,-1.320074149144672970e-01,-1.186964620099222739e-01,-1.790696429086532926e-01,-1.996614205945081433e-01,6.377928528577975209e-02,1.687275922524279492e-01,1.537324850639399720e+00,1.400818039739985199e+00,1.539325957999907679e+00,1.411138399614950023e+00,8.811040249275774272e+01,8.345707060586670423e+01,5.734049281057897929e+01,2.284263730523644335e+04,4.043613059589072911e+00,1.983082830517694006e+01
-2.576334496265549057e-03,-2.515513176315231983e-02,-1.119888803862140736e-01,-1.032812525759115863e-01,-1.522052067419918941e-01,-1.724436563108282527e-01,-2.224212934674069109e-01,2.116547063200224232e-01,1.569643979085851626e+00,1.204860397858191323e+00,1.585597459582998470e+00,1.223857151666757126e+00,9.777809510854966391e+01,8.047665136607415093e+01,6.384293929900498199e+01,2.559152179959959540e+04,3.749759639520123145e+00,1.727214002354335776e+01
-2.424747932170704875e-03,-2.013352499577186414e-02,-2.642808670252701914e-02,-3.857808361196493618e-02,-3.530492313351166894e-02,-5.478742965884082078e-02,-3.650342346087203510e-02,1.163243420455458213e-02,3.299030979074638048e-01,2.071992471893370213e-01,3.321903740025108354e-01,2.075256114884487801e-01,9.750939337200983914e+01,8.674488602750002997e+01,1.317496631746120102e+02,3.874218599738687044e+04,2.679004925055576081e+00,1.054399465185502649e+01
-2.100219789353279746e-03,-1.735591159585252174e-02,-5.985388665344960890e-02,-5.870634814237118276e-02,-8.101458683458481747e-02,-9.520011822423465886e-02,-4.680012061745656565e-02,2.854813425415345454e-02,6.592129909141596356e-01,5.151214213386259289e-01,6.610013536233838582e-01,5.159119209862865763e-01,9.462517346389321915e+01,8.681210444091215095e+01,8.060965959877137266e+01,2.925404104113882204e+04,3.444170116191157760e+00,1.523780351065879302e+01
-1.966835924223132165e-03,-1.691620825261109379e-02,-7.084520882633552064e-02,-6.585018865787639619e-02,-9.612775417464987371e-02,-1.090464766687928716e-01,-3.160113245643343671e-02,4.731075132184724141e-02,7.459590849090911302e-01,5.918245311861946023e-01,7.471551210156308631e-01,5.941817861029764503e-01,9.237266585007184005e+01,8.534743242159910892e+01,6.830966860875514612e+01,2.762692070306109963e+04,3.570728392314665101e+00,1.585668089957688309e+01
-2.516109203498171753e-03,-2.128884520664107993e-02,-9.759497631439764675e-02,-8.882555039605896652e-02,-1.323507023682101158e-01,-1.485285532348788462e-01,9.268738210264290678e-04,9.397706305719499831e-02,1.105786916383675322e+00,9.615693317555402686e-01,1.107588345451326450e+00,9.666951636568366091e-01,9.123951114938917328e+01,8.532373925710504636e+01,6.180382356919385245e+01,2.482900840703234644e+04,3.837849528311044978e+00,1.806207270851854929e+01
-1.969776393515139216e-03,-1.688548834951063976e-02,-7.076106092050468699e-02,-6.575770689176742290e-02,-9.600610771087954298e-02,-1.089003467941888903e-01,-3.305494336431064051e-02,4.621715526228094284e-02,7.468450915374459376e-01,5.930040470783360940e-01,7.480764827032690967e-01,5.952475394903429251e-01,9.248375952898574326e+01,8.546564093625038083e+01,6.807882541845307856e+01,2.753194585030245071e+04,3.578758589719112759e+00,1.591847962328864874e+01
-1.943260035322790522e-03,-1.716251214175365525e-02,-7.151988401660425154e-02,-6.659168248983687866e-02,-9.710308267842468477e-02,-1.102181065504751617e-01,-1.994486910439385169e-02,5.607890927278091908e-02,7.388553229715534298e-01,5.823674912147497329e-01,7.397678917580985392e-01,5.856368631806334601e-01,9.148194672618090806e+01,8.439966846566581182e+01,7.016050698436951905e+01,2.838840343068244692e+04,3.506344437559655081e+00,1.536119541759209106e+01
-1.996413574594230970e-03,-1.660720228685957922e-02,-6.999878021547054074e-02,-6.491993124926875858e-02,-9.490413433136159205e-02,-1.075765826108755902e-01,-4.622475422176498816e-02,3.631046576029096223e-02,7.548712658154477229e-01,6.036890688502165592e-01,7.564229320879538587e-01,6.049020072455770780e-01,9.349013713340976039e+01,8.653647055464350046e+01,6.598765858407520568e+01,2.667158578540766030e+04,3.651502699968647736e+00,1.647830311760018418e+01
-2.113172611665495564e-03,-1.746677388504826872e-02,-5.851976985344210097e-02,-5.790297302780585131e-02,-7.919018680957923273e-02,-9.358713523421723079e-02,-4.638915074743525657e-02,2.787298153819176005e-02,6.460693156299790463e-01,5.028313895000292577e-01,6.478775913623995297e-01,5.036033642128525667e-01,9.474029071583585448e+01,8.680942156676300669e+01,8.265079961705505696e+01,2.963273934022583126e+04,3.413630241669867171e+00,1.505046052219633346e+01
-2.095688424491015753e-03,-1.731712796478718924e-02,-6.032060887382694608e-02,-5.898739776056331763e-02,-8.165282782706935472e-02,-9.576439790538968100e-02,-4.694389271465484320e-02,2.878432704828187000e-02,6.638111230361125603e-01,5.194209181654299012e-01,6.655925194509310083e-01,5.202178985040761816e-01,9.458490129324810880e+01,8.681304300714553790e+01,7.989559513198027219e+01,2.912155870450831208e+04,3.454854066836664739e+00,1.530334285140229689e+01
-2.453305678905471146e-03,-2.330191246692182860e-02,-1.029211602111042845e-01,-9.498877780820849659e-02,-1.398274351558722872e-01,-1.584270056114525649e-01,-1.853427596709452951e-01,1.733904714221408405e-01,1.395048093666658939e+00,1.076319219990297782e+00,1.407926023029621998e+00,1.091433597172678738e+00,9.691642792778930016e+01,8.184225658564503192e+01,6.417973734326099589e+01,2.577256322517915396e+04,3.732961944545564403e+00,1.713477380356303570e+01
-2.332621839219229699e-03,-2.282446263792052565e-02,-9.940271508343878626e-02,-9.204862175438874305e-02,-1.351458097866796437e-01,-1.532751989688984073e-01,-1.388280521818939239e-01,1.717399745541458578e-01,1.282516239830088889e+00,9.840497472468625606e-01,1.293059007911689706e+00,9.990467629157588902e-01,9.445400711855566556e+01,8.048626459842651570e+01,6.849132588281327116e+01,2.756998623699539894e+04,3.580162926262876688e+00,1.595438123762352944e+01
-2.261027842924573979e-03,-2.040557481592797373e-02,-8.874950799203486229e-02,-8.202873204434882326e-02,-1.204826085866688296e-01,-1.365208268640119849e-01,-1.273938953909442007e-01,1.135885125030688669e-01,1.122177722806176448e+00,8.754262906326408800e-01,1.130248970862932190e+00,8.844730245411633884e-01,9.556975562444220884e+01,8.397651766412718644e+01,6.470610832285524339e+01,2.605550712629341797e+04,3.706709359919619917e+00,1.692008849583233854e+01
-2.553987398464280419e-03,-2.206657660721784292e-02,-3.558081545203481411e-02,-4.701615778204414065e-02,-4.779820013878131879e-02,-6.900864882023546865e-02,-7.475105703840875804e-02,5.106227121496639820e-02,5.081786958575873481e-01,3.380239049543600771e-01,5.136472907947418065e-01,3.423590496348386525e-01,9.841853200932226287e+01,8.533332087233657148e+01,1.317340477540359416e+02,3.861678240503453708e+04,2.691389005865983286e+00,1.065543028305132367e+01
-2.824895055339300427e-03,-2.698965291974303460e-02,-1.238844092780520822e-01,-1.133257322787435128e-01,-1.683099104758135067e-01,-1.897567313528680799e-01,-1.649107888351489248e-01,2.251076139546368260e-01,1.678198847854391440e+00,1.348159726023038907e+00,1.692204718661300733e+00,1.367275241486211046e+00,9.557156300200986720e+01,8.041426886490843629e+01,6.174017325619435326e+01,2.467648377724575403e+04,3.845851129626737031e+00,1.810283650965543956e+01
-2.531288849393527329e-03,-2.110555724436243008e-02,-1.708881146356455716e-02,-3.316708239684562631e-02,-2.253182047146748412e-02,-4.372554183851048992e-02,-3.620385380266805120e-02,9.437645677457140447e-03,2.443022743500868899e-01,1.245482658585506108e-01,2.469703243849123986e-01,1.250273379341184654e-01,9.843884690386887826e+01,8.662207616209401806e+01,1.470559301740145486e+02,4.157308743598827277e+04,2.450873958037845135e+00,9.147134346242452807e+00
-2.519947894059114749e-03,-2.430576377360237766e-02,-1.078329603228949385e-01,-9.948064320595519094e-02,-1.465322229841629353e-01,-1.660195410164492791e-01,-2.054274494197981527e-01,1.941174314098230158e-01,1.489623143729868149e+00,1.145947369032025209e+00,1.504167036765394538e+00,1.163164750892346166e+00,9.738317556369480599e+01,8.110253593474074307e+01,6.399730067346074946e+01,2.567449675673636739e+04,3.742060915230647655e+00,1.720918229893187856e+01
-2.638853116368787468e-03,-2.583667377486907960e-02,-1.164433677036447318e-01,-1.070508306967776074e-01,-1.582755866913500564e-01,-1.789396577935588040e-01,-2.299701442982984567e-01,2.212275110075950235e-01,1.632179194042281623e+00,1.264725618480101232e+00,1.648643739786564089e+00,1.284463426439388600e+00,9.788835235449060690e+01,8.018446693453144292e+01,6.130715053664025049e+01,2.443669279988850394e+04,3.908489792195028123e+00,1.885787601714426032e+01
-2.594331560319738158e-03,-2.377468229275810085e-02,-6.844830841897031615e-02,-7.163135839012202410e-02,-9.270639702934763138e-02,-1.139465766631153343e-01,-1.432644497478026691e-01,1.250454418847551652e-01,9.771898659528053255e-01,7.174532556601191935e-01,9.876361198791249185e-01,7.286421431421304939e-01,9.838242452989217668e+01,8.304270080494885065e+01,1.045010954470361639e+02,3.336227700510217255e+04,3.118877916633162606e+00,1.333625958235454334e+01
-2.591003356460742143e-03,-2.433920951805369423e-02,-1.124587812236497453e-01,-1.024992398278258138e-01,-1.528061543318123550e-01,-1.716173221247927483e-01,-1.818389461471512925e-01,1.768781599929254711e-01,1.486101741918208985e+00,1.198449836310800709e+00,1.498230407487556537e+00,1.213000629834445343e+00,9.657529688766096854e+01,8.191487548177804001e+01,5.437960727661197780e+01,2.133451933080805247e+04,4.350291537682926979e+00,2.332955865147383534e+01
-2.346196814000040161e-03,-2.168850010143403076e-02,-9.502680475783267799e-02,-8.776935085861789498e-02,-1.290513495761195784e-01,-1.462241121885884398e-01,-1.530621952266562336e-01,1.400776358253257026e-01,1.243044949153975898e+00,9.644112950791638994e-01,1.253245304286692452e+00,9.761456759119986337e-01,9.616626064472595203e+01,8.303115222908661508e+01,6.447295365628993125e+01,2.593017785572489447e+04,3.718337874507673835e+00,1.701518279867367056e+01
-3.042758205775504717e-03,-2.782429399916637111e-02,-1.317092261411559329e-01,-1.194127793050459574e-01,-1.788204719570956336e-01,-2.004749130697552062e-01,-6.087759032435277606e-02,2.110408956038022921e-01,1.674460906590951037e+00,1.426625167292665308e+00,1.683454724314702000e+00,1.442716488231819527e+00,9.203901026615032777e+01,8.145160392335694155e+01,5.932112155458747083e+01,2.365202162419164233e+04,3.955245145484445501e+00,1.905495165473997332e+01
-2.653081774649342344e-03,-2.631119861225275636e-02,-1.176454644249655679e-01,-1.084542265436675701e-01,-1.599266520267222380e-01,-1.811874597246652119e-01,-2.455514561106131310e-01,2.355245276420917799e-01,1.678559591789121841e+00,1.285046371951843902e+00,1.696431648634019629e+00,1.306465012324176778e+00,9.831561641790635520e+01,7.962476571686059401e+01,6.363283947185650646e+01,2.547858535929157006e+04,3.760238301349776879e+00,1.735783119534828245e+01
-2.598324774425717076e-03,-2.456833421445395529e-02,-1.130684566555368586e-01,-1.031956717267778767e-01,-1.536430237416545330e-01,-1.727377014122521981e-01,-1.892034265436419449e-01,1.836639857917962693e-01,1.508452827572855037e+00,1.208590591523566404e+00,1.521244919480553293e+00,1.223935042126090389e+00,9.677620547951867991e+01,8.165010833876824847e+01,5.543957998649772634e+01,2.180917810883832135e+04,4.282692133995457340e+00,2.264535338825906763e+01
-2.580333143518220070e-03,-2.521536456394224066e-02,-1.122835968204952684e-01,-1.035507722068340908e-01,-1.526075055156375093e-01,-1.728992214622567247e-01,-2.236264093132689368e-01,2.128983594822093373e-01,1.575318644359726683e+00,1.209038206267356585e+00,1.591372085535656344e+00,1.228161143964894286e+00,9.780610076754076943e+01,8.043226685782119034e+01,6.383199278579557756e+01,2.558563764323243595e+04,3.750305593373069790e+00,1.727660466093417924e+01
-2.219547767480355843e-03,-2.159152658601748431e-02,-9.295516992383169586e-02,-8.624967110280587490e-02,-1.263871933479295273e-01,-1.434094203314547622e-01,-1.011907749643319587e-01,1.491628671156753350e-01,1.142656771583609343e+00,8.777765887149815427e-01,1.150612060496960520e+00,8.905004590509679741e-01,9.309463027143101499e+01,8.079556007714892019e+01,7.019778781712295768e+01,2.830474100225714210e+04,3.516892304080255993e+00,1.546123708087643323e+01
-2.748557110058135345e-03,-2.669719967593901441e-02,-1.211426402348027426e-01,-1.111928673959609593e-01,-1.646270725767655929e-01,-1.860011445646521377e-01,-2.013633995655130515e-01,2.300365079580585226e-01,1.679508600123471362e+00,1.320665904557085213e+00,1.695270664363012214e+00,1.340841079699427008e+00,9.680934835906977298e+01,8.005079286278726158e+01,6.258779450861743499e+01,2.503544919028548247e+04,3.807520120551028509e+00,1.776922105563622267e+01
-2.586140140276551019e-03,-2.418701455567588005e-02,-1.120538072907802801e-01,-1.020366383347307282e-01,-1.522502679068781783e-01,-1.708731156460380762e-01,-1.769471259527971574e-01,1.723707082935355683e-01,1.471255142255422310e+00,1.191713889106779778e+00,1.482943130114370289e+00,1.205737499785630051e+00,9.644184433514453758e+01,8.209074576552458780e+01,5.367552557246973066e+01,2.101922955192529480e+04,4.395194111969395578e+00,2.378403866139718659e+01
-2.956946069269847464e-03,-2.749554480914822088e-02,-1.286271801345502397e-01,-1.170152076675680802e-01,-1.746805624093954457e-01,-1.962532258741903068e-01,-1.018542814896754023e-01,2.165815074644662219e-01,1.675933210306867371e+00,1.395719127681448457e+00,1.686901180072780893e+00,1.413001621119463147e+00,9.343041536139509162e+01,8.104301744391119655e+01,6.027393984633120283e+01,2.405553771191342094e+04,3.912156930690486867e+00,1.867993167253778708e+01
-2.648509337835929650e-03,-2.624232265038270104e-02,-1.173084573852161000e-01,-1.081460319457209079e-01,-1.594666250209944569e-01,-1.806665228333432793e-01,-2.441734110594110108e-01,2.341024153269577468e-01,1.672070635208936507e+00,1.280269065087205949e+00,1.689828387425624134e+00,1.301543414697504231e+00,9.828359206115189295e+01,7.967551922089761263e+01,6.364535676503452777e+01,2.548531386808191382e+04,3.759614005347179599e+00,1.735272590071378218e+01
-3.188766806587685528e-03,-2.838365787480560953e-02,-1.369533005039192397e-01,-1.234922265066901587e-01,-1.858644918960332681e-01,-2.076580769623183054e-01,8.843891817828353208e-03,2.016135929125846826e-01,1.671955794676888152e+00,1.479211523768967362e+00,1.677590609942429811e+00,1.493276075104580825e+00,8.967154664862073332e+01,8.214681024968719214e+01,5.769990955275621047e+01,2.296544252509675061e+04,4.028559366639465900e+00,1.969304487916796731e+01
